
INSERT  INTO `cart_product`(`id`,`product_id`,`user_id`,`product_num`) VALUES (1,1,1,2);
INSERT  INTO `cart_product`(`id`,`product_id`,`user_id`,`product_num`) VALUES (2,2,1,1);
INSERT  INTO `cart_product`(`id`,`product_id`,`user_id`,`product_num`) VALUES (3,3,1,3);
INSERT  INTO `cart_product`(`id`,`product_id`,`user_id`,`product_num`) VALUES (4,4,1,4);


INSERT  INTO `category`(`id`,`name`,`parent_id`) VALUES (1,'女装',NULL);
INSERT  INTO `category`(`id`,`name`,`parent_id`) VALUES (2,'男装',NULL);
INSERT  INTO `category`(`id`,`name`,`parent_id`) VALUES (3,'家电',NULL);
INSERT  INTO `category`(`id`,`name`,`parent_id`) VALUES (4,'家居',NULL);
INSERT  INTO `category`(`id`,`name`,`parent_id`) VALUES (5,'饰品',NULL);
INSERT  INTO `category`(`id`,`name`,`parent_id`) VALUES (6,'箱包',NULL);
INSERT  INTO `category`(`id`,`name`,`parent_id`) VALUES (7,'连衣裙',1);
INSERT  INTO `category`(`id`,`name`,`parent_id`) VALUES (8,'上装',1);
INSERT  INTO `category`(`id`,`name`,`parent_id`) VALUES (9,'下装',1);
INSERT  INTO `category`(`id`,`name`,`parent_id`) VALUES (10,'外套',1);
INSERT  INTO `category`(`id`,`name`,`parent_id`) VALUES (11,'上装',1);
INSERT  INTO `category`(`id`,`name`,`parent_id`) VALUES (12,'下装',1);
INSERT  INTO `category`(`id`,`name`,`parent_id`) VALUES (13,'外套',1);
INSERT  INTO `category`(`id`,`name`,`parent_id`) VALUES (14,'衬衫连衣裙',7);
INSERT  INTO `category`(`id`,`name`,`parent_id`) VALUES (15,'雪纺连衣裙',7);
INSERT  INTO `category`(`id`,`name`,`parent_id`) VALUES (16,'针织连衣裙',7);
INSERT  INTO `category`(`id`,`name`,`parent_id`) VALUES (17,'衬衫',8);
INSERT  INTO `category`(`id`,`name`,`parent_id`) VALUES (18,'卫衣',8);
INSERT  INTO `category`(`id`,`name`,`parent_id`) VALUES (19,'衬衫',8);



INSERT  INTO `comment`(`id`,`product_id`,`order_id`,`user_id`,`content`,`create_at`) VALUES (1,1,1,1,'真不错，已经迫不及待的穿上了，朋友们都说好，挺有气质的，就是上衣稍微有点肥，不过肉肉被藏起来了！有看上的赶紧下单吧！','2018-03-15 21:12:56');
INSERT  INTO `comment`(`id`,`product_id`,`order_id`,`user_id`,`content`,`create_at`) VALUES (2,1,2,1,'真不错，已经迫不及待的穿上了，朋友们都说好，挺有气质的，就是上衣稍微有点肥，不过肉肉被藏起来了！有看上的赶紧下单吧！','2018-03-04 19:12:56');
INSERT  INTO `comment`(`id`,`product_id`,`order_id`,`user_id`,`content`,`create_at`) VALUES (3,1,3,1,'真不错，已经迫不及待的穿上了，朋友们都说好，挺有气质的，就是上衣稍微有点肥，不过肉肉被藏起来了！有看上的赶紧下单吧！','2018-03-05 15:12:56');
INSERT  INTO `comment`(`id`,`product_id`,`order_id`,`user_id`,`content`,`create_at`) VALUES (4,1,4,1,'真不错，已经迫不及待的穿上了，朋友们都说好，挺有气质的，就是上衣稍微有点肥，不过肉肉被藏起来了！有看上的赶紧下单吧！','2018-03-15 15:12:56');
INSERT  INTO `comment`(`id`,`product_id`,`order_id`,`user_id`,`content`,`create_at`) VALUES (5,1,5,1,'真不错，已经迫不及待的穿上了，朋友们都说好，挺有气质的，就是上衣稍微有点肥，不过肉肉被藏起来了！有看上的赶紧下单吧！','2018-03-12 18:12:56');
INSERT  INTO `comment`(`id`,`product_id`,`order_id`,`user_id`,`content`,`create_at`) VALUES (6,1,6,1,'真不错，已经迫不及待的穿上了，朋友们都说好，挺有气质的，就是上衣稍微有点肥，不过肉肉被藏起来了！有看上的赶紧下单吧！','2018-03-12 18:12:56');
INSERT  INTO `comment`(`id`,`product_id`,`order_id`,`user_id`,`content`,`create_at`) VALUES (7,1,7,1,'真不错，已经迫不及待的穿上了，朋友们都说好，挺有气质的，就是上衣稍微有点肥，不过肉肉被藏起来了！有看上的赶紧下单吧！','2018-03-12 18:12:56');
INSERT  INTO `comment`(`id`,`product_id`,`order_id`,`user_id`,`content`,`create_at`) VALUES (8,1,8,1,'真不错，已经迫不及待的穿上了，朋友们都说好，挺有气质的，就是上衣稍微有点肥，不过肉肉被藏起来了！有看上的赶紧下单吧！','2018-03-12 18:12:56');
INSERT  INTO `comment`(`id`,`product_id`,`order_id`,`user_id`,`content`,`create_at`) VALUES (9,1,9,1,'真不错，已经迫不及待的穿上了，朋友们都说好，挺有气质的，就是上衣稍微有点肥，不过肉肉被藏起来了！有看上的赶紧下单吧！','2018-03-12 18:12:56');
INSERT  INTO `comment`(`id`,`product_id`,`order_id`,`user_id`,`content`,`create_at`) VALUES (10,1,10,1,'真不错，已经迫不及待的穿上了，朋友们都说好，挺有气质的，就是上衣稍微有点肥，不过肉肉被藏起来了！有看上的赶紧下单吧！','2018-03-12 18:12:56');
INSERT  INTO `comment`(`id`,`product_id`,`order_id`,`user_id`,`content`,`create_at`) VALUES (11,1,11,1,'商品：宝贝料子和手感都不错，是值这价，卖家很贴心的送了内衣带，5分好评是必须的。喜欢的可以 下手了','2018-03-12 18:12:56');
INSERT  INTO `comment`(`id`,`product_id`,`order_id`,`user_id`,`content`,`create_at`) VALUES (12,1,12,1,'真不错，已经迫不及待的穿上了，朋友们都说好，挺有气质的，就是上衣稍微有点肥，不过肉肉被藏起来了！有看上的赶紧下单吧！','2018-03-12 18:12:56');
INSERT  INTO `comment`(`id`,`product_id`,`order_id`,`user_id`,`content`,`create_at`) VALUES (13,1,13,1,'真不错，已经迫不及待的穿上了，朋友们都说好，挺有气质的，就是上衣稍微有点肥，不过肉肉被藏起来了！有看上的赶紧下单吧！','2018-03-12 18:12:56');
INSERT  INTO `comment`(`id`,`product_id`,`order_id`,`user_id`,`content`,`create_at`) VALUES (14,1,14,1,'真不错，已经迫不及待的穿上了，朋友们都说好，挺有气质的，就是上衣稍微有点肥，不过肉肉被藏起来了！有看上的赶紧下单吧！','2018-03-12 18:12:56');
INSERT  INTO `comment`(`id`,`product_id`,`order_id`,`user_id`,`content`,`create_at`) VALUES (15,1,15,1,'真不错，已经迫不及待的穿上了，朋友们都说好，挺有气质的，就是上衣稍微有点肥，不过肉肉被藏起来了！有看上的赶紧下单吧！','2018-03-12 18:12:56');
INSERT  INTO `comment`(`id`,`product_id`,`order_id`,`user_id`,`content`,`create_at`) VALUES (16,1,16,1,'真不错，已经迫不及待的穿上了，朋友们都说好，挺有气质的，就是上衣稍微有点肥，不过肉肉被藏起来了！有看上的赶紧下单吧！','2018-03-12 18:12:56');
INSERT  INTO `comment`(`id`,`product_id`,`order_id`,`user_id`,`content`,`create_at`) VALUES (17,1,17,1,'真不错，已经迫不及待的穿上了，朋友们都说好，挺有气质的，就是上衣稍微有点肥，不过肉肉被藏起来了！有看上的赶紧下单吧！','2018-03-12 18:12:56');
INSERT  INTO `comment`(`id`,`product_id`,`order_id`,`user_id`,`content`,`create_at`) VALUES (18,1,18,1,'真不错，已经迫不及待的穿上了，朋友们都说好，挺有气质的，就是上衣稍微有点肥，不过肉肉被藏起来了！有看上的赶紧下单吧！','2018-03-12 18:12:56');
INSERT  INTO `comment`(`id`,`product_id`,`order_id`,`user_id`,`content`,`create_at`) VALUES (19,1,19,1,'真不错，已经迫不及待的穿上了，朋友们都说好，挺有气质的，就是上衣稍微有点肥，不过肉肉被藏起来了！有看上的赶紧下单吧！','2018-03-12 18:12:56');
INSERT  INTO `comment`(`id`,`product_id`,`order_id`,`user_id`,`content`,`create_at`) VALUES (20,1,20,1,'真不错，已经迫不及待的穿上了，朋友们都说好，挺有气质的，就是上衣稍微有点肥，不过肉肉被藏起来了！有看上的赶紧下单吧！','2018-03-12 18:12:56');
INSERT  INTO `comment`(`id`,`product_id`,`order_id`,`user_id`,`content`,`create_at`) VALUES (21,1,21,1,'真不错，已经迫不及待的穿上了，朋友们都说好，挺有气质的，就是上衣稍微有点肥，不过肉肉被藏起来了！有看上的赶紧下单吧！','2018-03-12 18:12:56');
INSERT  INTO `comment`(`id`,`product_id`,`order_id`,`user_id`,`content`,`create_at`) VALUES (22,1,22,22,'真不错，已经迫不及待的穿上了，朋友们都说好，挺有气质的，就是上衣稍微有点肥，不过肉肉被藏起来了！有看上的赶紧下单吧！','2018-03-12 18:12:56');


INSERT  INTO `product`(`id`,`name`,`price`,`discount`,`status`,`category_id`,`store_num`,`sale_num`,`image_urls`,`comment_num`) VALUES (1,'加绒卫衣帽衫加厚宽松','336.00','168.00','ON_SHELF',18,1086,688,'http://img02.static.yohobuy.com/product/2014/03/19/13/02b54572ff6c6e9bf3e72f2f412a31a47c.jpg;http://img02.static.yohobuy.com/product/2014/03/19/13/02b54572ff6c6e9bf3e72f2f412a31a47c.jpg;http://img02.static.yohobuy.com/product/2014/03/19/13/02b54572ff6c6e9bf3e72f2f412a31a47c.jpg',22);
INSERT  INTO `product`(`id`,`name`,`price`,`discount`,`status`,`category_id`,`store_num`,`sale_num`,`image_urls`,`comment_num`) VALUES (2,'圆领印花卫衣女','188.00','78.00','ON_SHELF',18,1999,919,'https://ss1.bdstatic.com/70cFuXSh_Q1YnxGkpoWK1HF6hhy/it/u=3245716057,3112804808&fm=27&gp=0.jpg',0);
INSERT  INTO `product`(`id`,`name`,`price`,`discount`,`status`,`category_id`,`store_num`,`sale_num`,`image_urls`,`comment_num`) VALUES (3,'休闲牛仔衬衫','288.00','208.00','ON_SHELF',17,46830,5930,'http://www.sc115.com/wenku/uploads/allimg/130313/21012322V-2.jpg;http://www.sc115.com/wenku/uploads/allimg/130313/21012322V-2.jpg;http://www.sc115.com/wenku/uploads/allimg/130313/21012322V-2.jpg',0);
INSERT  INTO `product`(`id`,`name`,`price`,`discount`,`status`,`category_id`,`store_num`,`sale_num`,`image_urls`,`comment_num`) VALUES (4,'白色雪纺衬衫','179.00','169.00','ON_SHELF',17,530,123,'http://vogue.moonbasa.com/files/2011/8/24/32-059379855427.jpg;http://vogue.moonbasa.com/files/2011/8/24/32-059379855427.jpg;http://vogue.moonbasa.com/files/2011/8/24/32-059379855427.jpg',0);
INSERT  INTO `product`(`id`,`name`,`price`,`discount`,`status`,`category_id`,`store_num`,`sale_num`,`image_urls`,`comment_num`) VALUES (5,'字母短袖T恤','99.00','69.00','ON_SHELF',19,0,0,'http://img.zcool.cn/community/018615577cd4070000012e7e89ab4d.jpg@900w_1l_2o_100sh.jpg;http://img.zcool.cn/community/018615577cd4070000012e7e89ab4d.jpg@900w_1l_2o_100sh.jpg;http://img.zcool.cn/community/018615577cd4070000012e7e89ab4d.jpg@900w_1l_2o_100sh.jpg',0);

INSERT  INTO `user`(`id`,`username`,`password`,`email`,`nickname`,`gender`,`telephone`,`birthday`,`avatar`,`create_at`,`last_login_at`,`last_login_ip`,`status`) VALUES (1,'111111','111111','11@qq.com','111','MALE',NULL,NULL,NULL,'2018-03-01 21:23:37',NULL,NULL,'ACTIVATED');
INSERT  INTO `user`(`id`,`username`,`password`,`email`,`nickname`,`gender`,`telephone`,`birthday`,`avatar`,`create_at`,`last_login_at`,`last_login_ip`,`status`) VALUES (2,'123456','123456',NULL,'123456','UNKNOWN',NULL,NULL,NULL,'2018-03-03 21:40:47',NULL,NULL,'ACTIVATED');
