
insert  into `cart_product`(`product_id`,`user_id`,`product_num`) values (1,1,2);
insert  into `cart_product`(`product_id`,`user_id`,`product_num`) values (2,1,1);
insert  into `cart_product`(`product_id`,`user_id`,`product_num`) values (3,1,3);
insert  into `cart_product`(`product_id`,`user_id`,`product_num`) values (4,1,4);


insert  into `category`(`name`,`parent_id`) values ('女装',NULL);
insert  into `category`(`name`,`parent_id`) values ('男装',NULL);
insert  into `category`(`name`,`parent_id`) values ('家电',NULL);
insert  into `category`(`name`,`parent_id`) values ('家居',NULL);
insert  into `category`(`name`,`parent_id`) values ('饰品',NULL);
insert  into `category`(`name`,`parent_id`) values ('箱包',NULL);
insert  into `category`(`name`,`parent_id`) values ('连衣裙',1);
insert  into `category`(`name`,`parent_id`) values ('上装',1);
insert  into `category`(`name`,`parent_id`) values ('下装',1);
insert  into `category`(`name`,`parent_id`) values ('外套',1);
insert  into `category`(`name`,`parent_id`) values ('上装',1);
insert  into `category`(`name`,`parent_id`) values ('下装',1);
insert  into `category`(`name`,`parent_id`) values ('外套',1);
insert  into `category`(`name`,`parent_id`) values ('衬衫连衣裙',7);
insert  into `category`(`name`,`parent_id`) values ('雪纺连衣裙',7);
insert  into `category`(`name`,`parent_id`) values ('针织连衣裙',7);
insert  into `category`(`name`,`parent_id`) values ('衬衫',8);
insert  into `category`(`name`,`parent_id`) values ('卫衣',8);
insert  into `category`(`name`,`parent_id`) values ('T恤',8);



insert  into `comment`(`product_id`,`order_id`,`user_id`,`content`,`create_at`) values (1,1,1,'真不错，已经迫不及待的穿上了，朋友们都说好，挺有气质的，就是上衣稍微有点肥，不过肉肉被藏起来了！有看上的赶紧下单吧！','2018-03-15 21:12:56');
insert  into `comment`(`product_id`,`order_id`,`user_id`,`content`,`create_at`) values (1,2,1,'真不错，已经迫不及待的穿上了，朋友们都说好，挺有气质的，就是上衣稍微有点肥，不过肉肉被藏起来了！有看上的赶紧下单吧！','2018-03-04 19:12:56');
insert  into `comment`(`product_id`,`order_id`,`user_id`,`content`,`create_at`) values (1,3,1,'真不错，已经迫不及待的穿上了，朋友们都说好，挺有气质的，就是上衣稍微有点肥，不过肉肉被藏起来了！有看上的赶紧下单吧！','2018-03-05 15:12:56');
insert  into `comment`(`product_id`,`order_id`,`user_id`,`content`,`create_at`) values (1,4,1,'真不错，已经迫不及待的穿上了，朋友们都说好，挺有气质的，就是上衣稍微有点肥，不过肉肉被藏起来了！有看上的赶紧下单吧！','2018-03-15 15:12:56');
insert  into `comment`(`product_id`,`order_id`,`user_id`,`content`,`create_at`) values (1,5,1,'真不错，已经迫不及待的穿上了，朋友们都说好，挺有气质的，就是上衣稍微有点肥，不过肉肉被藏起来了！有看上的赶紧下单吧！','2018-03-12 18:12:56');
insert  into `comment`(`product_id`,`order_id`,`user_id`,`content`,`create_at`) values (1,6,1,'真不错，已经迫不及待的穿上了，朋友们都说好，挺有气质的，就是上衣稍微有点肥，不过肉肉被藏起来了！有看上的赶紧下单吧！','2018-03-12 18:12:56');
insert  into `comment`(`product_id`,`order_id`,`user_id`,`content`,`create_at`) values (1,7,1,'真不错，已经迫不及待的穿上了，朋友们都说好，挺有气质的，就是上衣稍微有点肥，不过肉肉被藏起来了！有看上的赶紧下单吧！','2018-03-12 18:12:56');
insert  into `comment`(`product_id`,`order_id`,`user_id`,`content`,`create_at`) values (1,8,1,'真不错，已经迫不及待的穿上了，朋友们都说好，挺有气质的，就是上衣稍微有点肥，不过肉肉被藏起来了！有看上的赶紧下单吧！','2018-03-12 18:12:56');
insert  into `comment`(`product_id`,`order_id`,`user_id`,`content`,`create_at`) values (1,9,1,'真不错，已经迫不及待的穿上了，朋友们都说好，挺有气质的，就是上衣稍微有点肥，不过肉肉被藏起来了！有看上的赶紧下单吧！','2018-03-12 18:12:56');
insert  into `comment`(`product_id`,`order_id`,`user_id`,`content`,`create_at`) values (1,10,1,'真不错，已经迫不及待的穿上了，朋友们都说好，挺有气质的，就是上衣稍微有点肥，不过肉肉被藏起来了！有看上的赶紧下单吧！','2018-03-12 18:12:56');
insert  into `comment`(`product_id`,`order_id`,`user_id`,`content`,`create_at`) values (1,11,1,'商品：宝贝料子和手感都不错，是值这价，卖家很贴心的送了内衣带，5分好评是必须的。喜欢的可以 下手了','2018-03-12 18:12:56');
insert  into `comment`(`product_id`,`order_id`,`user_id`,`content`,`create_at`) values (1,12,1,'真不错，已经迫不及待的穿上了，朋友们都说好，挺有气质的，就是上衣稍微有点肥，不过肉肉被藏起来了！有看上的赶紧下单吧！','2018-03-12 18:12:56');
insert  into `comment`(`product_id`,`order_id`,`user_id`,`content`,`create_at`) values (1,13,1,'真不错，已经迫不及待的穿上了，朋友们都说好，挺有气质的，就是上衣稍微有点肥，不过肉肉被藏起来了！有看上的赶紧下单吧！','2018-03-12 18:12:56');
insert  into `comment`(`product_id`,`order_id`,`user_id`,`content`,`create_at`) values (1,14,1,'真不错，已经迫不及待的穿上了，朋友们都说好，挺有气质的，就是上衣稍微有点肥，不过肉肉被藏起来了！有看上的赶紧下单吧！','2018-03-12 18:12:56');
insert  into `comment`(`product_id`,`order_id`,`user_id`,`content`,`create_at`) values (1,15,1,'真不错，已经迫不及待的穿上了，朋友们都说好，挺有气质的，就是上衣稍微有点肥，不过肉肉被藏起来了！有看上的赶紧下单吧！','2018-03-12 18:12:56');
insert  into `comment`(`product_id`,`order_id`,`user_id`,`content`,`create_at`) values (1,16,1,'真不错，已经迫不及待的穿上了，朋友们都说好，挺有气质的，就是上衣稍微有点肥，不过肉肉被藏起来了！有看上的赶紧下单吧！','2018-03-12 18:12:56');
insert  into `comment`(`product_id`,`order_id`,`user_id`,`content`,`create_at`) values (1,17,1,'真不错，已经迫不及待的穿上了，朋友们都说好，挺有气质的，就是上衣稍微有点肥，不过肉肉被藏起来了！有看上的赶紧下单吧！','2018-03-12 18:12:56');
insert  into `comment`(`product_id`,`order_id`,`user_id`,`content`,`create_at`) values (1,18,1,'真不错，已经迫不及待的穿上了，朋友们都说好，挺有气质的，就是上衣稍微有点肥，不过肉肉被藏起来了！有看上的赶紧下单吧！','2018-03-12 18:12:56');
insert  into `comment`(`product_id`,`order_id`,`user_id`,`content`,`create_at`) values (1,19,1,'真不错，已经迫不及待的穿上了，朋友们都说好，挺有气质的，就是上衣稍微有点肥，不过肉肉被藏起来了！有看上的赶紧下单吧！','2018-03-12 18:12:56');
insert  into `comment`(`product_id`,`order_id`,`user_id`,`content`,`create_at`) values (1,20,1,'真不错，已经迫不及待的穿上了，朋友们都说好，挺有气质的，就是上衣稍微有点肥，不过肉肉被藏起来了！有看上的赶紧下单吧！','2018-03-12 18:12:56');
insert  into `comment`(`product_id`,`order_id`,`user_id`,`content`,`create_at`) values (1,21,1,'真不错，已经迫不及待的穿上了，朋友们都说好，挺有气质的，就是上衣稍微有点肥，不过肉肉被藏起来了！有看上的赶紧下单吧！','2018-03-12 18:12:56');
insert  into `comment`(`product_id`,`order_id`,`user_id`,`content`,`create_at`) values (1,22,22,'真不错，已经迫不及待的穿上了，朋友们都说好，挺有气质的，就是上衣稍微有点肥，不过肉肉被藏起来了！有看上的赶紧下单吧！','2018-03-12 18:12:56');



INSERT  INTO `order`(`status`,`identifier`,`create_at`,`pay_at`,`deliver_at`,`finish_at`,`total_price`,`express_num`,`address_id`,`user_id`) VALUES ('WAIT_PAY','12341234','2018-03-15 21:12:56','2018-03-15 21:12:57','2018-03-15 21:13:56','2018-03-15 21:14:56','1000.00','12351345',1,1);
INSERT  INTO `order`(`status`,`identifier`,`create_at`,`pay_at`,`deliver_at`,`finish_at`,`total_price`,`express_num`,`address_id`,`user_id`) VALUES ('WAIT_SHIP','1623461234','2018-03-16 21:12:56','2018-03-16 21:12:57','2018-03-16 21:13:56','2018-03-16 21:14:56','2000.00','1213624345',1,1);
INSERT  INTO `order`(`status`,`identifier`,`create_at`,`pay_at`,`deliver_at`,`finish_at`,`total_price`,`express_num`,`address_id`,`user_id`) VALUES ('WAIT_SHIP','236567','2018-03-17 21:12:56','2018-03-17 21:12:57','2018-03-17 21:13:56','2018-03-17 21:14:56','3000.00','121362134518',2,1);
INSERT  INTO `order`(`status`,`identifier`,`create_at`,`pay_at`,`deliver_at`,`finish_at`,`total_price`,`express_num`,`address_id`,`user_id`) VALUES ('WAIT_SHIP','16789651261234','2018-03-18 21:12:56','2018-03-18 21:12:57','2018-03-18 21:13:56','2018-03-18 21:14:56','4000.00','121362828',2,1);
INSERT  INTO `order`(`status`,`identifier`,`create_at`,`pay_at`,`deliver_at`,`finish_at`,`total_price`,`express_num`,`address_id`,`user_id`) VALUES ('WAIT_RECEIVE','16231245634','2018-03-19 21:12:56','2018-03-19 21:12:57','2018-03-19 21:13:56','2018-03-19 21:14:56','5000.00','12136236275',1,1);
INSERT  INTO `order`(`status`,`identifier`,`create_at`,`pay_at`,`deliver_at`,`finish_at`,`total_price`,`express_num`,`address_id`,`user_id`) VALUES ('WAIT_COMMENT','162356811234','2018-03-20 21:12:56','2018-03-20 21:12:57','2018-03-20 21:13:56','2018-03-20 21:14:56','6000.00','187838624345',1,1);
INSERT  INTO `order`(`status`,`identifier`,`create_at`,`pay_at`,`deliver_at`,`finish_at`,`total_price`,`express_num`,`address_id`,`user_id`) VALUES ('COMPLETED','1623461356214','2018-03-21 21:12:56','2018-03-21 21:12:57','2018-03-21 21:13:56','2018-03-21 21:14:56','7000.00','12116624345',1,1);
INSERT  INTO `order`(`status`,`identifier`,`create_at`,`pay_at`,`deliver_at`,`finish_at`,`total_price`,`express_num`,`address_id`,`user_id`) VALUES ('CANCEL','1623456738234','2018-03-22 21:12:56','2018-03-22 21:12:57','2018-03-22 21:13:56','2018-03-22 21:14:56','8000.00','1214514345',1,1);



INSERT  INTO `order_product`(`product_id`,`order_id`,`product_num`) VALUES (1,1,3);
INSERT  INTO `order_product`(`product_id`,`order_id`,`product_num`) VALUES (2,3,1);
INSERT  INTO `order_product`(`product_id`,`order_id`,`product_num`) VALUES (3,2,2);
INSERT  INTO `order_product`(`product_id`,`order_id`,`product_num`) VALUES (1,8,3);
INSERT  INTO `order_product`(`product_id`,`order_id`,`product_num`) VALUES (2,7,7);
INSERT  INTO `order_product`(`product_id`,`order_id`,`product_num`) VALUES (3,6,4);
INSERT  INTO `order_product`(`product_id`,`order_id`,`product_num`) VALUES (1,5,1);
INSERT  INTO `order_product`(`product_id`,`order_id`,`product_num`) VALUES (2,4,1);
INSERT  INTO `order_product`(`product_id`,`order_id`,`product_num`) VALUES (1,3,4);
INSERT  INTO `order_product`(`product_id`,`order_id`,`product_num`) VALUES (3,5,2);
INSERT  INTO `order_product`(`product_id`,`order_id`,`product_num`) VALUES (2,5,6);



insert  into `product`(`name`,`price`,`discount`,`status`,`category_id`,`store_num`,`sale_num`,`image_urls`,`comment_num`) values ('加绒卫衣帽衫加厚宽松','336.00','168.00','ON_SHELF',18,1086,688,'http://img02.static.yohobuy.com/product/2014/03/19/13/02b54572ff6c6e9bf3e72f2f412a31a47c.jpg;http://img02.static.yohobuy.com/product/2014/03/19/13/02b54572ff6c6e9bf3e72f2f412a31a47c.jpg;http://img02.static.yohobuy.com/product/2014/03/19/13/02b54572ff6c6e9bf3e72f2f412a31a47c.jpg',22);
insert  into `product`(`name`,`price`,`discount`,`status`,`category_id`,`store_num`,`sale_num`,`image_urls`,`comment_num`) values ('圆领印花卫衣女','188.00','78.00','ON_SHELF',18,1999,919,'https://ss1.bdstatic.com/70cFuXSh_Q1YnxGkpoWK1HF6hhy/it/u=3245716057,3112804808&fm=27&gp=0.jpg',0);
insert  into `product`(`name`,`price`,`discount`,`status`,`category_id`,`store_num`,`sale_num`,`image_urls`,`comment_num`) values ('休闲牛仔衬衫','288.00','208.00','ON_SHELF',17,46830,5930,'http://www.sc115.com/wenku/uploads/allimg/130313/21012322V-2.jpg;http://www.sc115.com/wenku/uploads/allimg/130313/21012322V-2.jpg;http://www.sc115.com/wenku/uploads/allimg/130313/21012322V-2.jpg',0);
insert  into `product`(`name`,`price`,`discount`,`status`,`category_id`,`store_num`,`sale_num`,`image_urls`,`comment_num`) values ('白色雪纺衬衫','179.00','169.00','ON_SHELF',17,530,123,'http://vogue.moonbasa.com/files/2011/8/24/32-059379855427.jpg;http://vogue.moonbasa.com/files/2011/8/24/32-059379855427.jpg;http://vogue.moonbasa.com/files/2011/8/24/32-059379855427.jpg',0);
insert  into `product`(`name`,`price`,`discount`,`status`,`category_id`,`store_num`,`sale_num`,`image_urls`,`comment_num`) values ('字母短袖T恤','99.00','69.00','ON_SHELF',19,0,0,'http://img.zcool.cn/community/018615577cd4070000012e7e89ab4d.jpg@900w_1l_2o_100sh.jpg;http://img.zcool.cn/community/018615577cd4070000012e7e89ab4d.jpg@900w_1l_2o_100sh.jpg;http://img.zcool.cn/community/018615577cd4070000012e7e89ab4d.jpg@900w_1l_2o_100sh.jpg',0);

insert  into `user`(`username`,`password`,`email`,`nickname`,`gender`,`telephone`,`birthday`,`avatar`,`create_at`,`last_login_at`,`last_login_ip`,`status`) values ('111111','111111','11@qq.com','111','MALE',NULL,NULL,NULL,'2018-03-01 21:23:37',NULL,NULL,'ACTIVATED');
insert  into `user`(`username`,`password`,`email`,`nickname`,`gender`,`telephone`,`birthday`,`avatar`,`create_at`,`last_login_at`,`last_login_ip`,`status`) values ('123456','123456',NULL,'123456','UNKNOWN',NULL,NULL,NULL,'2018-03-03 21:40:47',NULL,NULL,'ACTIVATED');



INSERT  INTO `address`(`postal_code`,`delivery_address`,`delivery_name`,`phone`,`user_id`) VALUES ('123123','slkdfjiwniwaenf','zhb','13888881113',1);
INSERT  INTO `address`(`postal_code`,`delivery_address`,`delivery_name`,`phone`,`user_id`) VALUES ('342362','rtsdheag','zhb','13888881113',1);


insert into `admin` ( `username`, `password`) values('zhangsanfeng','111111');
insert into `admin` ( `username`, `password`) values('liubeibei','111111');


insert into `index_product` (`product_id`) values('1');
insert into `index_product` (`product_id`) values('2');
insert into `index_product` (`product_id`) values('3');
insert into `index_product` (`product_id`) values('4');
insert into `index_product` (`product_id`) values('5');

insert into `index_slideshow` (`title`, `image_url`, `jump_url`) values('OPPO R11爆款直降','https://img.alicdn.com/imgextra/i1/901409638/TB24izbcf1TBuNjy0FjXXajyXXa-901409638.jpg_1080x1800Q90s50.jpg','https://pages.tmall.com/wow/tmall-3c/16342/leshidapai?spm=875.7931836/B.2016006.d1.33404265BYDTzi&trackInfo=20160815100101;21884120003;149764;558104639364;2;149764_558104639364;1007.14152.68669.100200300000000;2af0bbbf-beb4-4986-b04c-7b38e834ae6f;1;1733059781;10000002&item_id=558104639364&pvid=2af0bbbf-beb4-4986-b04c-7b38e834ae6f&pos=1&activity_id=149764&acm=07055.1003.1.2430099&scm=1003.1.20160815.OTHER_0_3074363');
insert into `index_slideshow` (`title`, `image_url`, `jump_url`) values('竹叶青 经典国茶','https://gdp.alicdn.com/imgextra/i2/356601592/TB2A.JFcQyWBuNjy0FpXXassXXa-356601592.jpg','https://bambooleafgreen.tmall.com/?spm=875.7931836/B.2016006.d3.33404265BYDTzi&pos=1&acm=201602266.1003.1.981201&scm=1003.1.201602266.THJH_392653-C2S1_981201');
insert into `index_slideshow` (`title`, `image_url`, `jump_url`) values('聚名品 ','https://img.alicdn.com/imgextra/i4/3570503317/TB283IKauySBuNjy1zdXXXPxFXa_!!3570503317.jpg_Q90.jpg','https://ju.taobao.com/jusp/other/mingpin/tp.htm?spm=875.7931836/B.2017039.4.33404265BYDTzi&pos=2&acm=201708280-2.1003.2.3079816&scm=1003.2.201708280-2.OTHER_1519932583489_3079816');
insert into `index_slideshow` (`title`, `image_url`, `jump_url`) values('秘鲁红提','https://img.alicdn.com/tps/i4/TB1XvVpcNSYBuNjSsphSuvGvVXa.jpg_420x280Q50s50.jpg_.webp','https://chaoshi.detail.tmall.com/item.htm?spm=a3204.11257056.7517444217.1.147daf54c8KIHr&pos=1&acm=lb-zebra-323492-3514492.1003.1.3086691&id=562675788804&scm=1003.1.lb-zebra-323492-3514492.FF-hyhsfZA-1910146537_B-320500_C-HD_D-562675788804_E-D_G-33.8-FF_562675788804_3086691');
insert into `index_slideshow` (`title`, `image_url`, `jump_url`) values('方太时间印社','https://img.alicdn.com/imgextra/i4/667454208/TB2bROcb1uSBuNjSsplXXbe8pXa_!!667454208-0-fans.jpg','https://tarpa.tmall.com/wow/pegasus/subject/tarpa/fotile/9257287?spm=875.7931836/B.2016006.d5.33404265BYDTzi&trackInfo=20160815100101;21913193233;150046;36445615422;3;150046_36445615422;1007.14152.68669.100200300000000;2af0bbbf-beb4-4986-b04c-7b38e834ae6f;2;1733059781;10000002&item_id=36445615422&pvid=2af0bbbf-beb4-4986-b04c-7b38e834ae6f&pos=2&activity_id=150046&acm=07055.1003.1.2430099&scm=1003.1.20160815.OTHER_0_3080279');
